<?xml version="1.0" encoding="UTF-8"?>
<project-private xmlns="http://www.netbeans.org/ns/project-private/1">
    <editor-bookmarks xmlns="http://www.netbeans.org/ns/editor-bookmarks/2" lastBookmarkId="0"/>
    <open-files xmlns="http://www.netbeans.org/ns/projectui-open-files/2">
        <group>
            <file>file:/home/torto/aa/arrecadamais/ArrecadaMais/src/br/edu/utfpr/arrecadamais/controller/lista/ControladorListaCeo.java</file>
            <file>file:/home/torto/aa/arrecadamais/ArrecadaMais/src/br/edu/utfpr/arrecadamais/controller/lista/ControladorListaTerrenos.java</file>
            <file>file:/home/torto/aa/arrecadamais/ArrecadaMais/src/br/edu/utfpr/arrecadamais/controller/ControladorTelaPrincipal.java</file>
            <file>file:/home/torto/aa/arrecadamais/ArrecadaMais/src/br/edu/utfpr/arrecadamais/controller/ControladorPrincipal.java</file>
        </group>
    </open-files>
</project-private>
